Title,Categories,Price
Don’t fucking panic,"Self Help, English Books",EGP140
Fire and Blood,"Novels, Fiction, English Books",EGP325 السعر الأصلي هو: EGP325.EGP250السعر الحالي هو: EGP250.
Reclaim Your Heart,"P.Development, Self Help, English Books",EGP110
Men Are from Mars Women Are from Venus,"P.Development, Self Help, English Books",EGP130
Everything is Fucked A Book About Hope,"English Books, P.Development, Self Help",EGP120
"Ikigai, The Japanese Secret to a Long and Happy Life","English Books, P.Development, Self Help",EGP175
The Seven Principles for Making Marriage Work,"English Books, P.Development, Relationship",EGP120
The Subtle Art of Not Giving a F*ck: A Counterintuitive Approach to Living a Good Life,"Self Help, English Books",EGP115
a knight of the seven kingdoms,"English Books, Novels, Universal",EGP160 السعر الأصلي هو: EGP160.EGP130السعر الحالي هو: EGP130.
Atomic Habits,"English Books, P.Development, Self Help",EGP110
Rich Dad Poor Dad,"P.Development, Financial culture, English Books",EGP120
Where the Crawdads Sing,"Novels, Fiction, English Books",EGP120
Think and Grow Rich,"P.Development, Financial culture, English Books",EGP110
how to win friends and influence people,"English Books, P.Development, Self Help",EGP120
Sapiens: A Brief History of Humankind,"English Books, Sciences",EGP130
The Lean Startup,"P.Development, Financial culture, English Books",EGP120
zero to one,"P.Development, Financial culture, English Books",EGP110
The Power of Now,"Self Help, English Books",EGP110
Inverting The Pyramid: The History of Soccer Tactics,Sports,EGP220
Surrounded by Idiots,"English Books, P.Development, Self Help",EGP115
The 48 Laws of Power,"P.Development, Self Help, English Books",EGP300
the psychology of money,"English Books, P.Development",EGP115
the 7 habits of highly effective people,"P.Development, Self Help, English Books",EGP120
Project Hail Mary,"Novels, Fiction, English Books",EGP210
secrets of closing the sale,"P.Development, Financial culture, English Books",EGP115
the psychology book : Big Ideas Simply Explained,"English Books, Psychology",EGP350
your next five moves,"English Books, P.Development, Self Help",EGP125
It Ends with Us,"English Books, Novels, Romance, Universal",EGP120
The art of war,"English Books, P.Development, Self Help",EGP110
Eat That Frog,"English Books, P.Development, Self Help",EGP110
what every body is saying,"P.Development, Self Help",EGP120
Yesteryear,"Fiction, English Books",EGP165
The Happiness Trap,"P.Development, Self Help",EGP140
The Mountain Is You,"Relationship, English Books",EGP110
Astrophysics for People in a Hurry,"English Books, Sciences",EGP115
The Psychology of Selling,"P.Development, Financial culture, English Books",EGP115
Thinking Fast and Slow,"English Books, P.Development, Self Help",EGP150
The 5 AM Club : Own Your Morning,"English Books, P.Development",EGP120
Notes from underground,"English Books, Novels, Universal",EGP120
Women Don’t Owe You Pretty,"English Books, P.Development",EGP120
الأب الغني والأب الفقير,"التنمية البشرية, الإقتصاد و إدارة الأعمال, كتب عربية",EGP117
خراب كتاب عن الأمل,"كتب عربية, التنمية البشرية, تنمية ذاتية, الأقسام",EGP120
كيف تمسك بزمام القوة,"كتب عربية, التنمية البشرية, سياسة, الأقسام",EGP350
كتاب دليل العظمة 2,"كتب عربية, التنمية البشرية",EGP130
Rich Dad Poor Dad,"P.Development, Financial culture, English Books",EGP120
The 5 AM Club : Own Your Morning,"English Books, P.Development",EGP120
To All the Boys I’ve Loved Before,"Novels, Romance, English Books, Universal, الأقسام",EGP125
P.S. I Still Love You,"Novels, Romance, English Books, Universal, الأقسام",EGP120
الأب الغني والأب الفقير,"التنمية البشرية, الإقتصاد و إدارة الأعمال, كتب عربية",EGP117
خراب كتاب عن الأمل,"كتب عربية, التنمية البشرية, تنمية ذاتية, الأقسام",EGP120
كيف تمسك بزمام القوة,"كتب عربية, التنمية البشرية, سياسة, الأقسام",EGP350
كتاب دليل العظمة 2,"كتب عربية, التنمية البشرية",EGP130
Rich Dad Poor Dad,"P.Development, Financial culture, English Books",EGP120
The 5 AM Club : Own Your Morning,"English Books, P.Development",EGP120
To All the Boys I’ve Loved Before,"Novels, Romance, English Books, Universal, الأقسام",EGP125
P.S. I Still Love You,"Novels, Romance, English Books, Universal, الأقسام",EGP120
This is Marketing,"P.Development, Financial culture, English Books",EGP120
Dog man series -13 books,"English Books, kids","EGP1,450"
shatter me,English Books,EGP120
Why Men Marry Bitches,"English Books, P.Development, Relationship",EGP120
Why Men Love Bitches,"English Books, P.Development, Self Help",EGP120
the girl on the train,"Mystery, Universal, English Books",EGP125
Rodrick Rules – Diary of a Wimpy Kid part 2,"English Books, kids",EGP100
verity,"English Books, Novels, Romance, Universal",EGP115
The Power of Habit: Why We Do What We Do in Life and Business,"P.Development, Self Help, English Books",EGP120
Big Magic,"P.Development, Self Help, English Books",EGP110
Deep work,"P.Development, Self Help, English Books",EGP120
Blue Ocean Strategy,"P.Development, Financial culture, English Books",EGP140
The 4 Hour Workweek,"P.Development, Self Help, English Books",EGP130
"How to Talk to Anyone, Anytime, Anywhere","English Books, P.Development, Self Help",EGP120
The Sun Is Also a Star,"English Books, Novels, Universal",EGP115
The Mixer,"Sports, English Books",EGP260
Feeling Good: The New Mood Therapy,"English Books, P.Development, Self Help",EGP350
white nights,"English Books, Novels, Universal",EGP110
Diary of a wimpy kid The Deep End,"English Books, kids",EGP100
Digital minimalism,"English Books, P.Development",EGP100
So Good They Can’t Ignore You,"English Books, P.Development, Self Help",EGP115
come as you are,"English Books, P.Development, Relationship",EGP135
Too Nice for Your Own Good: How to Stop Making 9 Self-Sabotaging Mistakes,"English Books, P.Development, Self Help",EGP110
Purple Cow: Transform Your Business by Being Remarkable,"English Books, P.Development, Self Help",EGP110
thus spoke zarathustra,"English Books, philosophy",EGP165
The Silent Patient,"English Books, Novels, Universal",EGP130
Now Discover Your Strengths,"English Books, P.Development, Self Help",EGP130
the astronomy book : Big Ideas Simply Explained,"P.Development, Self Help, English Books",EGP350
Cabin Fever – Diary of a Wimpy Kid part 6,"English Books, kids",EGP100
the art of loving,"English Books, philosophy",EGP115
The First 20 Hours : How to Learn Anything,"P.Development, Self Help, English Books",EGP125
Man’s Search for Meaning,English Books,EGP95
No More Mr. Nice Guy,"P.Development, Relationship, Self Help",EGP135
King of Sloth,"English Books, Novels, Romance",EGP130
mirror mirror – A Twisted Tale,"English Books, kids, الأقسام",EGP125
101 essays that will change the way you think,"English Books, P.Development, Self Help",EGP110
The Art of Seduction,"English Books, P.Development, Self Help",EGP400
Knowledge Encyclopedia Space! : The Universe as You’ve Never Seen it Before,"English Books, kids",EGP300
contagious why things catch on,"P.Development, Financial culture, English Books",EGP130
Max crumbly series,kids,EGP250
الأب الغني والأب الفقير,"التنمية البشرية, الإقتصاد و إدارة الأعمال, كتب عربية",EGP117
خراب كتاب عن الأمل,"كتب عربية, التنمية البشرية, تنمية ذاتية, الأقسام",EGP120
كيف تمسك بزمام القوة,"كتب عربية, التنمية البشرية, سياسة, الأقسام",EGP350
كتاب دليل العظمة 2,"كتب عربية, التنمية البشرية",EGP130
Rich Dad Poor Dad,"P.Development, Financial culture, English Books",EGP120
The 5 AM Club : Own Your Morning,"English Books, P.Development",EGP120
To All the Boys I’ve Loved Before,"Novels, Romance, English Books, Universal, الأقسام",EGP125
P.S. I Still Love You,"Novels, Romance, English Books, Universal, الأقسام",EGP120
The War of Art: Break Through the Blocks and Win Your Inner Creative Battles,"English Books, P.Development, Self Help",EGP120
becoming,"P.Development, Self Help, English Books",EGP200
the business book : Big Ideas Simply Explained,"P.Development, Financial culture, English Books",EGP350
The Four Agreements,"English Books, P.Development, Self Help",EGP115
the algebra of happiness,"English Books, P.Development, Self Help",EGP135
The Third Wheel – Diary of a Wimpy Kid part 7,"English Books, kids",EGP100
The Last Straw – Diary of a Wimpy Kid part 3,"English Books, kids",EGP100
how to sell anything to anybody,"P.Development, Financial culture, English Books",EGP110
How Not to Die: Discover the Foods Scientifically Proven to Prevent and Reverse Disease,"P.Development, fitness, English Books",EGP130
The Definitive Book of Body Language,"English Books, P.Development, Self Help",EGP125
Tales from a Not-So-Talented Pop Star – dork diaries 3,"English Books, kids",EGP100
The Rules to Break,"P.Development, Self Help, English Books",EGP110
12 Rules for Life,"P.Development, Self Help, English Books",EGP165
The Secret,"P.Development, Self Help, English Books",EGP160
One Hundred Years of Solitude,"English Books, Novels, Universal",EGP165
Harry Potter and the Cursed Child,"English Books, kids, Novels, Universal",EGP120
The Hard Thing About Hard Things,"P.Development, Financial culture, English Books",EGP130
Harry Potter and the Philosopher’s Stone,"Novels, Universal, English Books, kids",EGP135
The Wolf King,"Romance, Fantasy",EGP170
ADHD Is Awesome: A Guide to (Mostly) Thriving with ADHD,"English Books, P.Development, Parenting",EGP140
The Night Prince,"Novels, Fantasy, English Books, Romance",EGP200
The Will of the Many,"Novels, Fantasy, Fiction, English Books",EGP260
Red Rising,"Novels, Fiction, English Books",EGP165
Dungeon Crawler Carl,"Novels, Fantasy, English Books",EGP175
The Psychology of Stupidity,"P.Development, Self Help, الأقسام",EGP202
Logically Fallacious,philosophy,EGP260
Philosophy of Mind,philosophy,EGP202
The Like Switch,"P.Development, Self Help",EGP184
Unlimited Memory,"P.Development, Self Help",EGP144
Set Boundaries Find Peace,"P.Development, Self Help",EGP145
The Charisma Myth,"P.Development, Self Help",EGP184
The Lessons of History,"P.Development, Self Help, الأقسام",EGP139
"Emotional Agility, Get Unstuck, Embrace Change, and Thrive in Work and Life","P.Development, Self Help",EGP133
The Chimp Paradox,"P.Development, Self Help",EGP156
Building a Story Brand,"P.Development, Financial culture",EGP120
Positioning: The Battle for Your Mind,"P.Development, Financial culture",EGP125
The E-Myth Revisited,"P.Development, Financial culture, English Books",EGP130
Best Loser Wins,Financial culture,EGP140
the pragmatic programmer,programming,EGP260
Designing Data Intensive Applications,programming,EGP365
الأب الغني والأب الفقير,"التنمية البشرية, الإقتصاد و إدارة الأعمال, كتب عربية",EGP117
خراب كتاب عن الأمل,"كتب عربية, التنمية البشرية, تنمية ذاتية, الأقسام",EGP120
كيف تمسك بزمام القوة,"كتب عربية, التنمية البشرية, سياسة, الأقسام",EGP350
كتاب دليل العظمة 2,"كتب عربية, التنمية البشرية",EGP130
Rich Dad Poor Dad,"P.Development, Financial culture, English Books",EGP120
The 5 AM Club : Own Your Morning,"English Books, P.Development",EGP120
To All the Boys I’ve Loved Before,"Novels, Romance, English Books, Universal, الأقسام",EGP125
P.S. I Still Love You,"Novels, Romance, English Books, Universal, الأقسام",EGP120
Interview with the Vampire,"Novels, Fantasy, Fiction, Horror, English Books",EGP150
Frankenstein: The 1818 Text,"Classics, Fiction, Horror, English Books",EGP155
The Godfather,"Novels, Classics, Crime, Fiction, English Books",EGP175
The Barcelona Inheritance: The Evolution of Winning Soccer Tactics from Cruyff to Guardiola,"Sports, English Books",EGP150
The Strength of the Few,"Novels, Fantasy, Fiction, English Books",EGP250
All the Colors of the Dark,"Novels, Fiction",EGP250
Wild Dark Shore,"Novels, Fiction",EGP160
Can’t Hurt Me,"English Books, P.Development, Self Help",EGP160
The Client,"Novels, Fiction, Mystery, English Books, Thriller",EGP180
The Firm,"Fiction, Thriller",EGP100
People Skills,"P.Development, Self Help",EGP140
Type Talk at Work,"P.Development, Self Help",EGP170
"Resilience, The Science of Mastering Life’s Greatest Challenges","P.Development, Self Help",EGP140
How to Be Confident,"P.Development, Self Help",EGP130
Public Speaking Skills For Dummies,"P.Development, Self Help",EGP350
The Voice of Knowledge,"P.Development, Self Help",EGP140
One Minute Reset,"P.Development, Self Help, الأقسام",EGP180
The Science of Self-Learning,"P.Development, Self Help, الأقسام",EGP148
Master Your Destiny,"P.Development, Self Help, الأقسام",EGP171
First Things First,"P.Development, Self Help, الأقسام",EGP198
You Are the Placebo,"P.Development, Self Help",EGP202
The Rational Male Positive Masculinity,"P.Development, Relationship, Self Help",EGP155
"The First Minute, How to Start Conversations That Get Results","P.Development, Self Help, الأقسام",EGP144
"Think Like a Monk, Train Your Mind for Peace and Purpose Every Day","P.Development, Self Help, الأقسام",EGP207
"Think Again, The Power of Knowing What You Don’t Know","P.Development, Self Help, الأقسام",EGP189
"How Not to Be Wrong, The Power of Mathematical Thinking","P.Development, Self Help, الأقسام",EGP229
"How We Learn, Why Brains Learn Better Than Any Machine for Now","P.Development, Self Help",EGP150
The Law of Attraction,"P.Development, Self Help",EGP120
Stop Overthinking,"P.Development, Psychology, Self Help",EGP125
Becoming Bulletproof,"P.Development, Self Help",EGP202
Learning How to Learn,"P.Development, Self Help, الأقسام",EGP180
Why Has Nobody Told Me This Before,"P.Development, Self Help",EGP140
"The 7 Habits of Highly Effective People, Personal Workbook","P.Development, Self Help, الأقسام",EGP166
It Didn’t Start with You,"P.Development, Self Help, الأقسام",EGP180
Read People Like a Book,"P.Development, Self Help, الأقسام",EGP184
The Power of Now,"P.Development, Self Help, الأقسام",EGP175
Ego Is the Enemy,"P.Development, Self Help, الأقسام",EGP175
Influence: The Psychology of Persuasion,"P.Development, Self Help, الأقسام",EGP150
That Will Never Work,"Financial culture, Entrepreneurship, P.Development",EGP150
DotCom Secrets,"Financial culture, Entrepreneurship, P.Development",EGP160
الأب الغني والأب الفقير,"التنمية البشرية, الإقتصاد و إدارة الأعمال, كتب عربية",EGP117
خراب كتاب عن الأمل,"كتب عربية, التنمية البشرية, تنمية ذاتية, الأقسام",EGP120
كيف تمسك بزمام القوة,"كتب عربية, التنمية البشرية, سياسة, الأقسام",EGP350
كتاب دليل العظمة 2,"كتب عربية, التنمية البشرية",EGP130
Rich Dad Poor Dad,"P.Development, Financial culture, English Books",EGP120
The 5 AM Club : Own Your Morning,"English Books, P.Development",EGP120
To All the Boys I’ve Loved Before,"Novels, Romance, English Books, Universal, الأقسام",EGP125
P.S. I Still Love You,"Novels, Romance, English Books, Universal, الأقسام",EGP120
